"Description","Comparison1","Comparison2","Comparison3","Comparison4","Comparison5","Comparison6"
"immune effector process",1,0,1,0,0,1
"activation of immune response",1,0,1,1,0,1
"response to virus",1,0,1,0,0,1
"lymphocyte differentiation",1,0,1,0,0,1
"immune response-regulating signaling pathway",1,0,1,1,0,1
"regulation of response to biotic stimulus",1,0,1,0,0,1
"adaptive immune response",1,0,1,0,0,1
"immune response-activating signaling pathway",1,0,1,1,0,1
"adaptive immune response based on somatic recombination of immune receptors built from immunoglobulin superfamily domains",1,0,1,0,0,1
"cytokine-mediated signaling pathway",1,0,1,1,0,1
"positive regulation of defense response",1,0,1,1,0,1
"mononuclear cell differentiation",1,1,1,1,0,1
"regulation of immune effector process",1,0,1,0,0,0
"leukocyte mediated immunity",1,0,1,0,0,1
"leukocyte differentiation",1,0,1,1,0,0
"T cell differentiation",1,0,1,1,0,1
"lymphocyte mediated immunity",1,0,1,0,0,1
"positive regulation of innate immune response",1,0,1,0,0,1
"regulation of innate immune response",1,0,1,0,0,1
"B cell activation",1,0,1,0,0,1
"leukocyte chemotaxis",1,0,1,0,0,0
"positive regulation of response to biotic stimulus",1,0,1,0,0,1
"defense response to virus",1,0,1,0,0,1
"apoptotic signaling pathway",1,0,0,0,0,0
"regulation of adaptive immune response based on somatic recombination of immune receptors built from immunoglobulin superfamily domains",1,0,1,0,0,1
"regulation of hemopoiesis",1,0,1,0,0,1
"regulation of adaptive immune response",1,0,1,0,0,1
"immune response-regulating cell surface receptor signaling pathway",1,0,1,0,0,1
"regulation of response to cytokine stimulus",1,0,1,0,0,1
"cellular response to biotic stimulus",1,1,1,1,0,1
"activation of innate immune response",1,0,1,0,0,1
"pattern recognition receptor signaling pathway",1,0,1,0,0,0
"positive regulation of response to external stimulus",1,0,1,1,0,0
"regulation of leukocyte mediated immunity",1,0,1,0,0,1
"chemotaxis",1,0,1,1,0,0
"taxis",1,0,1,1,0,0
"production of molecular mediator of immune response",1,0,1,0,0,1
"viral process",1,0,1,0,0,1
"regulation of cytokine-mediated signaling pathway",1,0,1,0,0,1
"positive regulation of cell activation",1,0,1,1,0,1
"immune response-activating cell surface receptor signaling pathway",1,0,1,0,0,1
"positive regulation of immune effector process",1,0,1,0,0,0
"cellular response to molecule of bacterial origin",1,0,1,1,0,1
"regulation of lymphocyte mediated immunity",1,0,1,0,0,1
"positive regulation of leukocyte mediated immunity",1,0,1,0,0,0
"lymphocyte activation involved in immune response",1,0,1,0,0,1
"positive regulation of leukocyte activation",1,0,1,0,0,1
"cell chemotaxis",1,0,1,1,0,0
"regulation of apoptotic signaling pathway",1,0,1,0,0,0
"regulation of pattern recognition receptor signaling pathway",1,0,1,0,0,0
"cell activation involved in immune response",1,0,1,0,0,1
"protein-DNA complex assembly",1,0,0,0,0,0
"cellular response to lipopolysaccharide",1,1,1,1,0,1
"defense response to bacterium",1,0,1,0,0,0
"response to bacterium",1,0,1,0,0,0
"humoral immune response",1,0,1,0,0,0
"ribose phosphate biosynthetic process",1,1,0,0,1,1
"granulocyte chemotaxis",1,0,1,0,0,0
"positive regulation of lymphocyte activation",1,0,1,0,0,1
"leukocyte activation involved in immune response",1,0,1,0,0,1
"innate immune response-activating signaling pathway",1,0,1,0,0,1
"regulation of B cell activation",1,0,1,0,0,0
"regulation of leukocyte chemotaxis",1,0,1,0,0,0
"ribonucleotide biosynthetic process",1,1,0,0,1,1
"cell killing",1,0,1,0,0,0
"positive regulation of adaptive immune response",1,0,1,0,0,0
"positive regulation of cell motility",1,0,1,0,0,0
"negative regulation of intracellular signal transduction",1,0,1,0,0,0
"positive regulation of cell migration",1,0,1,0,0,1
"positive regulation of locomotion",1,0,1,0,0,0
"positive regulation of nucleotide biosynthetic process",1,0,0,0,0,0
"positive regulation of purine nucleotide biosynthetic process",1,0,0,0,0,0
"extrinsic apoptotic signaling pathway",1,0,0,0,0,1
"regulation of binding",1,0,0,0,0,1
"T cell activation",1,0,1,0,0,1
"positive regulation of adaptive immune response based on somatic recombination of immune receptors built from immunoglobulin superfamily domains",1,0,1,0,0,0
"canonical NF-kappaB signal transduction",1,0,1,0,0,1
"purine ribonucleotide biosynthetic process",1,1,0,0,1,1
"viral life cycle",1,0,0,0,0,1
"myeloid cell differentiation",1,0,0,0,0,1
"negative regulation of immune response",1,0,1,0,0,1
"cellular response to type II interferon",1,0,1,1,0,1
"intrinsic apoptotic signaling pathway in response to DNA damage",1,0,0,0,0,0
"regulation of leukocyte differentiation",1,0,1,0,0,1
"immune system development",1,0,1,0,0,1
"positive regulation of leukocyte cell-cell adhesion",1,0,1,0,0,1
"immunoglobulin mediated immune response",1,0,1,0,0,1
"sequestering of triglyceride",1,0,0,0,0,0
"regulation of lymphocyte differentiation",1,0,0,0,0,1
"tumor necrosis factor-mediated signaling pathway",1,0,1,0,0,1
"neutrophil chemotaxis",1,0,1,0,0,0
"interferon-mediated signaling pathway",1,0,1,0,0,1
"regulation of lymphocyte activation",1,0,1,0,0,1
"regulation of canonical NF-kappaB signal transduction",1,0,1,0,0,1
"positive regulation of programmed cell death",1,0,1,0,0,0
"regulation of production of molecular mediator of immune response",1,0,1,0,0,0
"positive regulation of leukocyte proliferation",1,0,1,0,0,0
"regulation of myeloid cell differentiation",1,0,1,0,0,0
"response to type II interferon",1,0,1,1,0,1
"leukocyte mediated cytotoxicity",1,0,1,0,0,0
"viral genome replication",1,0,0,0,0,1
"cytoplasmic translation",0,1,0,1,0,1
"aerobic electron transport chain",0,1,0,0,1,1
"oxidative phosphorylation",0,1,0,0,1,1
"aerobic respiration",0,1,0,0,1,1
"ATP synthesis coupled electron transport",0,1,0,0,1,1
"mitochondrial ATP synthesis coupled electron transport",0,1,0,0,1,1
"ribonucleoprotein complex biogenesis",0,1,0,1,0,0
"extracellular matrix organization",0,1,0,1,0,0
"extracellular structure organization",0,1,0,1,1,0
"external encapsulating structure organization",0,1,0,1,1,0
"negative regulation of viral process",0,1,0,1,0,1
"ncRNA processing",0,1,0,1,0,1
"proton motive force-driven ATP synthesis",0,1,0,0,1,1
"cellular respiration",0,1,0,0,1,1
"energy derivation by oxidation of organic compounds",0,1,0,0,1,1
"ribosome biogenesis",0,1,0,1,0,1
"proton motive force-driven mitochondrial ATP synthesis",0,1,0,0,1,1
"respiratory electron transport chain",0,1,0,0,1,1
"mitochondrial electron transport, NADH to ubiquinone",0,1,0,0,1,1
"excretion",0,1,0,0,0,0
"nephron epithelium development",0,1,0,0,0,0
"purine nucleoside triphosphate biosynthetic process",0,1,0,0,1,1
"Golgi vesicle transport",0,1,0,1,0,0
"ribonucleoside triphosphate biosynthetic process",0,1,0,0,1,1
"negative regulation of viral genome replication",0,1,0,1,0,1
"purine ribonucleoside triphosphate biosynthetic process",0,1,0,0,1,1
"positive regulation of cytokine production",0,1,1,1,0,1
"inorganic anion transport",0,1,0,0,0,0
"mitochondrial respiratory chain complex assembly",0,1,0,0,1,1
"nucleoside triphosphate biosynthetic process",0,1,0,0,1,1
"NADH dehydrogenase complex assembly",0,1,0,0,1,1
"mitochondrial respiratory chain complex I assembly",0,1,0,0,1,1
"interleukin-6 production",0,1,0,1,0,1
"regulation of interleukin-6 production",0,1,0,1,0,1
"regulation of fat cell differentiation",0,1,0,0,0,1
"ATP biosynthetic process",0,1,0,0,1,1
"embryonic morphogenesis",0,1,0,1,0,0
"purine nucleotide biosynthetic process",0,1,0,0,1,1
"purine-containing compound biosynthetic process",0,1,0,0,1,1
"electron transport chain",0,1,0,0,1,1
"metanephric nephron development",0,1,0,0,0,0
"epithelial cell differentiation involved in kidney development",0,1,0,1,0,0
"renal tubule development",0,1,0,0,0,0
"cell-cell adhesion via plasma-membrane adhesion molecules",0,1,0,1,0,0
"regulation of translation",0,1,0,0,0,0
"collagen metabolic process",0,1,0,0,0,0
"T-helper cell lineage commitment",0,1,0,0,0,0
"renal tubular secretion",0,1,0,0,0,0
"renal system process",0,1,0,0,0,0
"peptidyl-tyrosine modification",0,1,1,1,0,1
"mesenchymal to epithelial transition",0,1,0,0,0,0
"translational initiation",0,1,0,1,0,0
"peptidyl-tyrosine phosphorylation",0,1,1,1,0,1
"angiogenesis",0,1,0,1,0,0
"establishment of protein localization to organelle",0,1,0,0,0,0
"positive regulation of cholesterol efflux",0,1,0,0,0,0
"regulation of cellular response to osmotic stress",0,1,0,0,0,0
"chloride transmembrane transport",0,1,0,0,0,0
"nucleoside phosphate biosynthetic process",0,1,0,0,1,1
"proteasomal protein catabolic process",0,1,0,1,1,0
"mitochondrial translation",0,1,0,1,0,0
"protein localization to chromosome, telomeric region",0,1,0,0,0,0
"cell differentiation involved in kidney development",0,1,0,1,0,1
"nephron tubule development",0,1,0,0,0,0
"positive regulation of tumor necrosis factor production",0,1,0,0,0,1
"neuromuscular process",0,1,0,1,0,0
"positive regulation of cell development",0,1,0,1,0,1
"learning or memory",0,1,0,1,0,0
"regulation of inflammatory response",0,0,1,0,0,1
"regulation of cell activation",0,0,1,1,0,0
"leukocyte migration",0,0,1,1,0,0
"regulation of leukocyte activation",0,0,1,1,0,1
"T cell mediated immunity",0,0,1,0,0,0
"myeloid leukocyte migration",0,0,1,0,0,0
"response to molecule of bacterial origin",0,0,1,1,0,1
"granulocyte migration",0,0,1,0,0,0
"regulation of cell killing",0,0,1,1,0,0
"response to lipopolysaccharide",0,0,1,1,0,1
"leukocyte cell-cell adhesion",0,0,1,0,0,1
"regulation of MAPK cascade",0,0,1,0,0,0
"response to chemokine",0,0,1,0,0,0
"cellular response to chemokine",0,0,1,0,0,0
"positive regulation of lymphocyte mediated immunity",0,0,1,0,0,0
"regulation of T cell mediated immunity",0,0,1,0,0,0
"positive regulation of inflammatory response",0,0,1,0,0,0
"antigen receptor-mediated signaling pathway",0,0,1,0,0,1
"regulation of cell-cell adhesion",0,0,1,1,0,1
"regulation of leukocyte mediated cytotoxicity",0,0,1,0,0,1
"positive regulation of leukocyte mediated cytotoxicity",0,0,1,1,0,1
"neutrophil migration",0,0,1,0,0,0
"positive regulation of cell killing",0,0,1,1,0,0
"chemokine-mediated signaling pathway",0,0,1,0,0,0
"response to tumor necrosis factor",0,0,1,0,0,1
"regulation of T cell activation",0,0,1,0,0,1
"positive regulation of MAPK cascade",0,0,1,1,0,1
"regulation of antigen receptor-mediated signaling pathway",0,0,1,0,0,0
"cellular response to tumor necrosis factor",0,0,1,0,0,1
"regulation of leukocyte cell-cell adhesion",0,0,1,0,0,1
"regulation of T cell mediated cytotoxicity",0,0,1,0,0,0
"negative regulation of immune system process",0,0,1,0,0,1
"antigen processing and presentation of peptide antigen",0,0,1,0,0,1
"negative regulation of cytokine production",0,0,1,0,0,1
"positive regulation of T cell mediated immunity",0,0,1,0,0,0
"T cell mediated cytotoxicity",0,0,1,0,0,0
"mononuclear cell migration",0,0,1,0,0,0
"antigen processing and presentation",0,0,1,0,0,0
"muscle system process",0,0,1,0,0,0
"p38MAPK cascade",0,0,1,0,0,0
"cellular response to lipid",0,0,1,0,0,0
"cellular defense response",0,0,1,0,0,0
"regulation of acute inflammatory response",0,0,1,0,0,0
"neuroinflammatory response",0,0,1,1,0,0
"pyroptosis",0,0,1,0,0,1
"muscle contraction",0,0,1,0,0,0
"antigen processing and presentation of exogenous peptide antigen",0,0,1,0,0,1
"positive regulation of T cell mediated cytotoxicity",0,0,1,1,0,0
"B cell receptor signaling pathway",0,0,1,0,0,0
"positive regulation of leukocyte migration",0,0,1,0,0,0
"regulation of p38MAPK cascade",0,0,1,0,0,1
"positive regulation of epidermal cell differentiation",0,0,1,0,0,0
"leukocyte proliferation",0,0,1,0,0,1
"B cell proliferation",0,0,1,0,0,0
"innate immune response activating cell surface receptor signaling pathway",0,0,1,0,0,0
"glial cell activation",0,0,1,1,1,0
"cellular response to interleukin-1",0,0,1,0,0,1
"response to interleukin-1",0,0,1,0,0,1
"positive regulation of T cell activation",0,0,1,0,0,1
"regulation of epidermal cell differentiation",0,0,1,0,0,0
"disruption of anatomical structure in another organism",0,0,1,0,0,0
"toll-like receptor signaling pathway",0,0,1,0,0,1
"positive regulation of apoptotic process",0,0,1,0,0,0
"mononuclear cell proliferation",0,0,1,0,0,1
"killing of cells of another organism",0,0,1,0,0,0
"disruption of cell in another organism",0,0,1,0,0,0
"positive regulation of cell adhesion",0,0,1,1,0,1
"cell surface toll-like receptor signaling pathway",0,0,1,0,0,1
"lymphocyte proliferation",0,0,1,0,0,1
"inflammatory response to antigenic stimulus",0,0,1,0,0,0
"integrin-mediated signaling pathway",0,0,1,0,0,0
"myeloid leukocyte activation",0,0,1,0,0,0
"regulation of neuroinflammatory response",0,0,1,0,0,0
"B cell differentiation",0,0,1,0,0,0
"cell surface pattern recognition receptor signaling pathway",0,0,1,0,0,0
"positive regulation of cell-cell adhesion",0,0,1,1,0,1
"negative regulation of cell activation",0,0,1,0,0,0
"blood circulation",0,0,1,1,1,0
"positive regulation of chemotaxis",0,0,1,0,0,0
"T cell receptor signaling pathway",0,0,1,0,0,1
"toll-like receptor 4 signaling pathway",0,0,1,0,0,0
"negative regulation of leukocyte activation",0,0,1,0,0,0
"positive regulation of protein phosphorylation",0,0,1,1,0,0
"regulation of microglial cell activation",0,0,1,1,0,0
"regulation of leukocyte proliferation",0,0,1,0,0,0
"regulation of B cell proliferation",0,0,1,0,0,0
"positive regulation of T cell cytokine production",0,0,1,0,0,0
"regulation of leukocyte migration",0,0,1,0,0,0
"B cell mediated immunity",0,0,1,0,0,1
"positive regulation of phosphorylation",0,0,1,1,0,0
"positive regulation of acute inflammatory response",0,0,1,0,0,0
"positive regulation of cytokine production involved in immune response",0,0,1,0,0,1
"smooth muscle contraction",0,0,1,0,0,0
"interleukin-1 production",0,0,1,0,0,0
"regulation of interleukin-1 production",0,0,1,0,0,0
"antigen processing and presentation of exogenous antigen",0,0,1,0,0,1
"negative regulation of defense response",0,0,1,0,0,1
"positive regulation of epidermis development",0,0,1,0,0,0
"circulatory system process",0,0,1,1,1,0
"regulation of MAP kinase activity",0,0,1,0,0,0
"regulation of mononuclear cell proliferation",0,0,1,0,0,0
"regulation of cytokine production involved in immune response",0,0,1,0,0,0
"positive regulation of response to cytokine stimulus",0,0,1,0,0,0
"positive regulation of pattern recognition receptor signaling pathway",0,0,1,0,0,0
"antigen processing and presentation of exogenous peptide antigen via MHC class II",0,0,1,0,0,1
"receptor signaling pathway via JAK-STAT",0,0,1,0,0,1
"positive regulation of p38MAPK cascade",0,0,1,0,0,0
"nucleotide-binding domain, leucine rich repeat containing receptor signaling pathway",0,0,1,0,0,0
"temperature homeostasis",0,0,1,0,0,1
"monocyte chemotaxis",0,0,1,0,0,0
"antigen processing and presentation of peptide antigen via MHC class II",0,0,1,0,0,1
"vasoconstriction",0,0,1,0,0,0
"acute inflammatory response",0,0,1,0,0,0
"positive regulation of epithelial cell differentiation",0,0,1,0,0,0
"regulation of epidermis development",0,0,1,0,0,0
"receptor signaling pathway via STAT",0,0,1,0,0,1
"regulation of peptidyl-tyrosine phosphorylation",0,0,1,1,0,1
"non-canonical NF-kappaB signal transduction",0,0,1,0,0,0
"microglial cell activation",0,0,1,1,0,0
"cytoplasmic pattern recognition receptor signaling pathway",0,0,1,0,0,0
"regulation of muscle contraction",0,0,1,0,0,0
"positive regulation of leukocyte chemotaxis",0,0,1,0,0,0
"regulation of ERK1 and ERK2 cascade",0,0,1,0,0,0
"positive regulation of interleukin-1 production",0,0,1,0,0,0
"regulation of chemotaxis",0,0,1,0,0,0
"regulation of interleukin-8 production",0,0,1,0,0,0
"positive regulation of neural precursor cell proliferation",0,0,1,0,0,0
"amino acid metabolic process",0,0,1,0,0,0
"protein O-linked glycosylation",0,0,1,0,0,0
"interleukin-12 production",0,0,1,0,0,0
"regulation of interleukin-12 production",0,0,1,0,0,0
"calcium-mediated signaling",0,0,1,0,0,0
"regulation of type I interferon production",0,0,1,0,0,1
"type I interferon production",0,0,1,0,0,1
"regulation of T cell receptor signaling pathway",0,0,1,0,0,0
"lymphocyte chemotaxis",0,0,1,0,0,0
"antigen processing and presentation of endogenous antigen",0,0,1,0,0,0
"positive regulation of protein kinase activity",0,0,1,0,0,0
"antigen processing and presentation of peptide antigen via MHC class I",0,0,1,0,0,0
"ERK1 and ERK2 cascade",0,0,1,0,0,0
"regulation of blood circulation",0,0,1,0,0,0
"monoatomic cation homeostasis",0,0,1,1,0,0
"interleukin-1 beta production",0,0,1,0,0,0
"regulation of interleukin-1 beta production",0,0,1,0,0,0
"regulation of lymphocyte proliferation",0,0,1,0,0,1
"lipid localization",0,0,1,1,0,0
"striated muscle contraction",0,0,1,0,0,0
"positive regulation of muscle contraction",0,0,1,0,0,0
"regulation of smooth muscle contraction",0,0,1,0,0,0
"positive regulation of epithelial to mesenchymal transition",0,0,1,0,0,0
"cardiac muscle contraction",0,0,1,0,0,0
"regulation of vasculature development",0,0,1,0,0,1
"antigen processing and presentation of peptide or polysaccharide antigen via MHC class II",0,0,1,0,0,1
"positive regulation of cytosolic calcium ion concentration",0,0,1,0,0,0
"radial glial cell differentiation",0,0,1,0,0,0
"pro-B cell differentiation",0,0,1,0,0,0
"vascular endothelial growth factor production",0,0,1,0,0,0
"heterophilic cell-cell adhesion via plasma membrane cell adhesion molecules",0,0,1,1,0,0
"small molecule catabolic process",0,0,1,0,1,0
"G protein-coupled receptor signaling pathway",0,0,1,1,0,0
"positive regulation of amyloid precursor protein catabolic process",0,0,1,0,0,0
"protein tetramerization",0,0,1,0,0,0
"negative regulation of RNA splicing",0,0,1,0,0,0
"negative regulation of innate immune response",0,0,1,0,0,1
"tRNA metabolic process",0,0,1,1,0,0
"regulation of vascular endothelial growth factor production",0,0,1,0,0,0
"CD4-positive, alpha-beta T cell cytokine production",0,0,1,0,0,0
"negative regulation of MAPK cascade",0,0,1,0,0,1
"positive regulation of production of molecular mediator of immune response",0,0,1,0,0,0
"morphogenesis of an endothelium",0,0,1,0,0,0
"endothelial tube morphogenesis",0,0,1,0,0,0
"MHC protein complex assembly",0,0,1,0,0,0
"peptide antigen assembly with MHC protein complex",0,0,1,0,0,0
"positive regulation of MAP kinase activity",0,0,1,0,0,0
"maintenance of location",0,0,1,0,0,1
"regulation of vasoconstriction",0,0,1,0,0,0
"type II interferon-mediated signaling pathway",0,0,1,0,0,1
"positive regulation of vascular endothelial growth factor production",0,0,1,0,0,0
"negative regulation of B cell activation",0,0,1,0,0,1
"leukocyte activation involved in inflammatory response",0,0,1,1,0,0
"positive regulation of interleukin-2 production",0,0,1,0,0,0
"positive regulation of cytokine-mediated signaling pathway",0,0,1,0,0,1
"response to xenobiotic stimulus",0,0,1,0,1,1
"antigen processing and presentation of endogenous peptide antigen",0,0,1,0,0,0
"myeloid leukocyte mediated immunity",0,0,1,0,0,0
"symbiont entry into host cell",0,0,1,0,0,0
"negative regulation of cytokine-mediated signaling pathway",0,0,1,0,0,1
"response to interferon-beta",0,0,1,0,0,0
"regulation of toll-like receptor signaling pathway",0,0,1,0,0,0
"negative regulation of hematopoietic progenitor cell differentiation",0,0,1,0,0,0
"positive regulation of mononuclear cell proliferation",0,0,1,0,0,0
"negative regulation of lymphocyte activation",0,0,1,0,0,1
"T cell migration",0,0,1,0,0,1
"positive regulation of transferase activity",0,0,1,0,0,0
"lipid storage",0,0,1,0,0,1
"negative regulation of antigen receptor-mediated signaling pathway",0,0,1,0,0,0
"substrate-dependent cell migration",0,0,1,0,0,0
"negative regulation of stem cell proliferation",0,0,1,0,0,0
"cytokine production involved in immune response",0,0,1,0,0,0
"positive regulation of type I interferon production",0,0,1,0,0,1
"antigen processing and presentation of endogenous peptide antigen via MHC class I",0,0,1,0,0,0
"response to activity",0,0,1,0,0,0
"positive regulation of NF-kappaB transcription factor activity",0,0,1,0,0,0
"cellular response to organonitrogen compound",0,0,1,0,0,0
"regulation of lymphoid progenitor cell differentiation",0,0,1,0,0,0
"hematopoietic stem cell homeostasis",0,0,1,0,0,0
"dendritic cell differentiation",0,0,1,0,0,0
"tumor necrosis factor superfamily cytokine production",0,0,1,0,0,0
"regulation of tumor necrosis factor superfamily cytokine production",0,0,1,0,0,0
"symbiont entry into host",0,0,1,0,0,0
"tRNA processing",0,0,1,0,0,0
"regulation of angiogenesis",0,0,1,0,0,1
"regulation of B cell receptor signaling pathway",0,0,1,0,0,0
"negative regulation of muscle contraction",0,0,1,0,0,0
"response to purine-containing compound",0,0,1,0,0,0
"positive regulation of hydrolase activity",0,0,1,1,0,1
"positive regulation of kinase activity",0,0,1,0,0,0
"positive regulation of macrophage migration",0,0,1,0,0,0
"heterotypic cell-cell adhesion",0,0,1,0,0,0
"positive regulation of interleukin-1 beta production",0,0,1,0,0,0
"monoatomic ion homeostasis",0,0,1,0,0,0
"negative regulation of immune effector process",0,0,1,0,0,0
"intracellular monoatomic cation homeostasis",0,0,1,0,0,0
"positive regulation of cytokine production involved in inflammatory response",0,0,1,0,0,0
"interleukin-2 production",0,0,1,0,0,0
"regulation of interleukin-2 production",0,0,1,0,0,0
"positive regulation of keratinocyte differentiation",0,0,1,0,0,0
"transmembrane receptor protein tyrosine kinase signaling pathway",0,0,0,1,0,0
"blood vessel morphogenesis",0,0,0,1,0,0
"response to mechanical stimulus",0,0,0,1,0,1
"regulation of body fluid levels",0,0,0,1,0,0
"epidermal growth factor receptor signaling pathway",0,0,0,1,0,1
"macrophage activation",0,0,0,1,0,0
"positive regulation of phosphatidylinositol 3-kinase/protein kinase B signal transduction",0,0,0,1,0,0
"regulation of phosphatidylinositol 3-kinase/protein kinase B signal transduction",0,0,0,1,0,0
"positive regulation of nervous system development",0,0,0,1,0,1
"skin development",0,0,0,1,0,1
"epidermis development",0,0,0,1,0,1
"regulation of small GTPase mediated signal transduction",0,0,0,1,0,1
"positive regulation of cell projection organization",0,0,0,1,0,1
"cell junction assembly",0,0,0,1,0,1
"intra-Golgi vesicle-mediated transport",0,0,0,1,0,0
"response to water",0,0,0,1,0,0
"regulation of GTPase activity",0,0,0,1,0,1
"organic anion transport",0,0,0,1,1,0
"negative regulation of response to external stimulus",0,0,0,1,0,1
"organic hydroxy compound transport",0,0,0,1,0,0
"ERBB signaling pathway",0,0,0,1,0,0
"homophilic cell adhesion via plasma membrane adhesion molecules",0,0,0,1,0,0
"epidermal cell differentiation",0,0,0,1,0,1
"regulation of neuron projection development",0,0,0,1,0,0
"positive regulation of peptidyl-tyrosine phosphorylation",0,0,0,1,0,0
"synapse organization",0,0,0,1,0,1
"fluid transport",0,0,0,1,0,0
"sodium ion transport",0,0,0,1,0,0
"potassium ion transport",0,0,0,1,1,0
"vitamin transport",0,0,0,1,0,0
"keratinization",0,0,0,1,0,1
"axon guidance",0,0,0,1,0,0
"neuron projection guidance",0,0,0,1,0,0
"actin filament organization",0,0,0,1,0,0
"positive regulation of phosphorus metabolic process",0,0,0,1,0,0
"positive regulation of phosphate metabolic process",0,0,0,1,0,0
"superoxide anion generation",0,0,0,1,0,0
"regulation of epidermal growth factor receptor signaling pathway",0,0,0,1,0,0
"protein-RNA complex assembly",0,0,0,1,0,0
"regulation of growth",0,0,0,1,0,0
"vascular process in circulatory system",0,0,0,1,1,0
"regulation of anatomical structure size",0,0,0,1,0,1
"glomerulus development",0,0,0,1,1,0
"sensory perception of mechanical stimulus",0,0,0,1,0,0
"response to wounding",0,0,0,1,0,0
"glomerular epithelium development",0,0,0,1,0,0
"cell morphogenesis involved in neuron differentiation",0,0,0,1,0,0
"regulation of protein tyrosine kinase activity",0,0,0,1,0,0
"intermediate filament cytoskeleton organization",0,0,0,1,0,1
"aminoglycan metabolic process",0,0,0,1,0,0
"protein-RNA complex organization",0,0,0,1,0,0
"proteasome-mediated ubiquitin-dependent protein catabolic process",0,0,0,1,1,0
"vascular endothelial growth factor receptor signaling pathway",0,0,0,1,0,1
"kidney development",0,0,0,1,1,0
"inorganic ion homeostasis",0,0,0,1,0,0
"polyamine metabolic process",0,0,0,1,0,1
"negative regulation of viral entry into host cell",0,0,0,1,0,0
"negative regulation of sequestering of calcium ion",0,0,0,1,0,0
"hemostasis",0,0,0,1,0,0
"auditory receptor cell development",0,0,0,1,0,0
"establishment of skin barrier",0,0,0,1,0,1
"potassium ion transmembrane transport",0,0,0,1,1,0
"humoral immune response mediated by circulating immunoglobulin",0,0,0,1,0,0
"glomerular epithelial cell differentiation",0,0,0,1,0,0
"neurotrophin signaling pathway",0,0,0,1,0,0
"intermediate filament-based process",0,0,0,1,0,1
"regulation of sequestering of calcium ion",0,0,0,1,0,0
"detection of external stimulus",0,0,0,1,0,0
"endoplasmic reticulum to Golgi vesicle-mediated transport",0,0,0,1,0,0
"intracellular calcium ion homeostasis",0,0,0,1,0,0
"phosphatidylinositol 3-kinase/protein kinase B signal transduction",0,0,0,1,0,0
"renal system development",0,0,0,1,1,0
"regulation of nervous system development",0,0,0,1,0,1
"muscle structure development",0,0,0,1,0,0
"proton transmembrane transport",0,0,0,0,1,1
"response to hypoxia",0,0,0,0,1,0
"response to oxygen levels",0,0,0,0,1,0
"response to decreased oxygen levels",0,0,0,0,1,0
"mitochondrial electron transport, cytochrome c to oxygen",0,0,0,0,1,1
"nucleotide biosynthetic process",0,0,0,0,1,1
"generation of precursor metabolites and energy",0,0,0,0,1,1
"purine-containing compound metabolic process",0,0,0,0,1,0
"ribonucleotide metabolic process",0,0,0,0,1,1
"purine ribonucleotide metabolic process",0,0,0,0,1,1
"purine nucleotide metabolic process",0,0,0,0,1,1
"ribonucleoside triphosphate metabolic process",0,0,0,0,1,0
"carboxylic acid transport",0,0,0,0,1,0
"ribose phosphate metabolic process",0,0,0,0,1,1
"organic acid transport",0,0,0,0,1,0
"response to toxic substance",0,0,0,0,1,0
"ATP metabolic process",0,0,0,0,1,0
"purine ribonucleoside triphosphate metabolic process",0,0,0,0,1,0
"purine nucleoside triphosphate metabolic process",0,0,0,0,1,0
"DNA replication",0,0,0,0,1,0
"modified amino acid transport",0,0,0,0,1,0
"nucleoside triphosphate metabolic process",0,0,0,0,1,0
"cellular response to xenobiotic stimulus",0,0,0,0,1,0
"vesicle budding from membrane",0,0,0,0,1,0
"nuclear envelope organization",0,0,0,0,1,0
"export across plasma membrane",0,0,0,0,1,0
"secondary metabolic process",0,0,0,0,1,0
"intestinal lipid absorption",0,0,0,0,1,0
"carboxylic acid biosynthetic process",0,0,0,0,1,0
"response to copper ion",0,0,0,0,1,0
"organic acid catabolic process",0,0,0,0,1,0
"carboxylic acid catabolic process",0,0,0,0,1,0
"RNA splicing",0,0,0,0,0,1
"positive regulation of GTPase activity",0,0,0,0,0,1
"negative regulation of gene expression, epigenetic",0,0,0,0,0,1
"endosomal transport",0,0,0,0,0,1
"stem cell population maintenance",0,0,0,0,0,1
"maintenance of cell number",0,0,0,0,0,1
"epigenetic regulation of gene expression",0,0,0,0,0,1
"cell-cell junction organization",0,0,0,0,0,1
"protein localization to nucleus",0,0,0,0,0,1
"regulation of actin filament-based process",0,0,0,0,0,1
"establishment or maintenance of cell polarity",0,0,0,0,0,1
"spindle organization",0,0,0,0,0,1
"regulation of mRNA metabolic process",0,0,0,0,0,1
"in utero embryonic development",0,0,0,0,0,1
"heterochromatin formation",0,0,0,0,0,1
"establishment of cell polarity",0,0,0,0,0,1
"microtubule cytoskeleton organization involved in mitosis",0,0,0,0,0,1
"regulation of T cell differentiation",0,0,0,0,0,1
"positive regulation of lymphocyte differentiation",0,0,0,0,0,1
"regulation of chromosome organization",0,0,0,0,0,1
"negative regulation of organelle organization",0,0,0,0,0,1
"chromosome segregation",0,0,0,0,0,1
"actomyosin structure organization",0,0,0,0,0,1
"rhythmic process",0,0,0,0,0,1
"viral transcription",0,0,0,0,0,1
"regulation of protein-containing complex assembly",0,0,0,0,0,1
"regulation of actin cytoskeleton organization",0,0,0,0,0,1
"nucleocytoplasmic transport",0,0,0,0,0,1
"nuclear transport",0,0,0,0,0,1
"protein polymerization",0,0,0,0,0,1
"protein-containing complex disassembly",0,0,0,0,0,1
"rRNA metabolic process",0,0,0,0,0,1
"mitotic spindle organization",0,0,0,0,0,1
"cell-cell signaling by wnt",0,0,0,0,0,1
"positive regulation of T cell differentiation",0,0,0,0,0,1
"positive regulation of cellular component biogenesis",0,0,0,0,0,1
"regulation of Rho protein signal transduction",0,0,0,0,0,1
"regulation of supramolecular fiber organization",0,0,0,0,0,1
"regulation of cell morphogenesis",0,0,0,0,0,1
"regulation of stem cell population maintenance",0,0,0,0,0,1
"DNA modification",0,0,0,0,0,1
"morphogenesis of an epithelium",0,0,0,0,0,1
"Rho protein signal transduction",0,0,0,0,0,1
"Wnt signaling pathway",0,0,0,0,0,1
"cell-substrate adhesion",0,0,0,0,0,1
"RNA localization",0,0,0,0,0,1
"regulation of actin filament organization",0,0,0,0,0,1
"regulation of protein localization to nucleus",0,0,0,0,0,1
"regulation of cell-substrate adhesion",0,0,0,0,0,1
"positive regulation of leukocyte differentiation",0,0,0,0,0,1
"positive regulation of hemopoiesis",0,0,0,0,0,1
"actin polymerization or depolymerization",0,0,0,0,0,1
"regulation of cell cycle phase transition",0,0,0,0,0,1
"RNA splicing, via transesterification reactions",0,0,0,0,0,1
"regulation of cell shape",0,0,0,0,0,1
"RNA splicing, via transesterification reactions with bulged adenosine as nucleophile",0,0,0,0,0,1
"mRNA splicing, via spliceosome",0,0,0,0,0,1
"regulation of viral process",0,0,0,0,0,1
"epithelial tube morphogenesis",0,0,0,0,0,1
"intracellular receptor signaling pathway",0,0,0,0,0,1
"actin filament bundle assembly",0,0,0,0,0,1
"circadian rhythm",0,0,0,0,0,1
"rRNA processing",0,0,0,0,0,1
"actin filament bundle organization",0,0,0,0,0,1
"intestinal absorption",0,0,0,0,0,1
"DNA dealkylation",0,0,0,0,0,1
"import into nucleus",0,0,0,0,0,1
"mRNA transport",0,0,0,0,0,1
"regulation of protein-containing complex disassembly",0,0,0,0,0,1
"activation of GTPase activity",0,0,0,0,0,1
"regulation of RNA stability",0,0,0,0,0,1
"protein depolymerization",0,0,0,0,0,1
"protein import into nucleus",0,0,0,0,0,1
"negative regulation of small GTPase mediated signal transduction",0,0,0,0,0,1
"heterochromatin organization",0,0,0,0,0,1
"regulation of autophagy",0,0,0,0,0,1
"regulation of organelle assembly",0,0,0,0,0,1
"cellular response to organic cyclic compound",0,0,0,0,0,1
"mammary gland morphogenesis",0,0,0,0,0,1
"regulation of mRNA stability",0,0,0,0,0,1
"nucleic acid transport",0,0,0,0,0,1
"RNA transport",0,0,0,0,0,1
"cellular response to external stimulus",0,0,0,0,0,1
"negative regulation of protein modification process",0,0,0,0,0,1
"positive regulation of protein localization to nucleus",0,0,0,0,0,1
"regulation of protein polymerization",0,0,0,0,0,1
"epithelial cell migration",0,0,0,0,0,1
"protein autophosphorylation",0,0,0,0,0,1
"establishment of RNA localization",0,0,0,0,0,1
"positive regulation of protein localization",0,0,0,0,0,1
"interferon-beta production",0,0,0,0,0,1
"regulation of interferon-beta production",0,0,0,0,0,1
"spindle localization",0,0,0,0,0,1
"establishment of spindle localization",0,0,0,0,0,1
"meiotic spindle organization",0,0,0,0,0,1
"cytokinesis",0,0,0,0,0,1
"stimulatory C-type lectin receptor signaling pathway",0,0,0,0,0,1
"response to lectin",0,0,0,0,0,1
"cellular response to lectin",0,0,0,0,0,1
"protein localization to cell-cell junction",0,0,0,0,0,1
"positive regulation of transcription by RNA polymerase I",0,0,0,0,0,1
"positive regulation of cellular catabolic process",0,0,0,0,0,1
"regulation of mRNA catabolic process",0,0,0,0,0,1
"epithelial cell development",0,0,0,0,0,1
"regulation of DNA-binding transcription factor activity",0,0,0,0,0,1
"regulation of microvillus organization",0,0,0,0,0,1
"regulation of telomere maintenance",0,0,0,0,0,1
"cell-matrix adhesion",0,0,0,0,0,1
"RNA catabolic process",0,0,0,0,0,1
"regulation of cellular component size",0,0,0,0,0,1
"facultative heterochromatin formation",0,0,0,0,0,1
"regulation of ncRNA transcription",0,0,0,0,0,1
"regulation of viral genome replication",0,0,0,0,0,1
"ameboidal-type cell migration",0,0,0,0,0,1
"positive regulation of DNA metabolic process",0,0,0,0,0,1
"mammary gland development",0,0,0,0,0,1
"regulation of viral life cycle",0,0,0,0,0,1
"mRNA catabolic process",0,0,0,0,0,1
"regulation of actin polymerization or depolymerization",0,0,0,0,0,1
"regulation of chromatin organization",0,0,0,0,0,1
"regulation of epithelial cell migration",0,0,0,0,0,1
"negative regulation of cell adhesion",0,0,0,0,0,1
"regulation of mRNA processing",0,0,0,0,0,1
"regulation of actin filament length",0,0,0,0,0,1
"positive regulation of stem cell population maintenance",0,0,0,0,0,1
"negative regulation of cytoskeleton organization",0,0,0,0,0,1
"myeloid leukocyte differentiation",0,0,0,0,0,1
"demethylation",0,0,0,0,0,1
"cortical actin cytoskeleton organization",0,0,0,0,0,1
"cell cycle G1/S phase transition",0,0,0,0,0,1
"response to fibroblast growth factor",0,0,0,0,0,1
"negative regulation of cellular catabolic process",0,0,0,0,0,1
"regulation of stem cell differentiation",0,0,0,0,0,1
"regulation of ventricular cardiac muscle cell action potential",0,0,0,0,0,1
"epithelium migration",0,0,0,0,0,1
"sister chromatid segregation",0,0,0,0,0,1
"epithelial to mesenchymal transition",0,0,0,0,0,1
"RNA export from nucleus",0,0,0,0,0,1
"myeloid cell development",0,0,0,0,0,1
"neural tube development",0,0,0,0,0,1
"tissue migration",0,0,0,0,0,1
"substrate adhesion-dependent cell spreading",0,0,0,0,0,1
"regulation of transcription by RNA polymerase I",0,0,0,0,0,1
"cell-cell junction assembly",0,0,0,0,0,1
"retinoic acid receptor signaling pathway",0,0,0,0,0,1
"actin filament polymerization",0,0,0,0,0,1
"double-strand break repair",0,0,0,0,0,1
"cellular response to extracellular stimulus",0,0,0,0,0,1
"positive regulation of interferon-beta production",0,0,0,0,0,1
"negative regulation of cell cycle process",0,0,0,0,0,1
"cortical cytoskeleton organization",0,0,0,0,0,1
"negative regulation of protein-containing complex disassembly",0,0,0,0,0,1
"cardiac chamber development",0,0,0,0,0,1
"DNA demethylation",0,0,0,0,0,1
"cell-substrate junction organization",0,0,0,0,0,1
"wound healing, spreading of epidermal cells",0,0,0,0,0,1
"regulation of nucleotide-excision repair",0,0,0,0,0,1
"embryonic organ development",0,0,0,0,0,1
"canonical Wnt signaling pathway",0,0,0,0,0,1
"negative regulation of cell cycle",0,0,0,0,0,1
"nuclear chromosome segregation",0,0,0,0,0,1
"cellular response to nutrient levels",0,0,0,0,0,1
"response to muramyl dipeptide",0,0,0,0,0,1
"regulation of integrin activation",0,0,0,0,0,1
"negative regulation of Rho protein signal transduction",0,0,0,0,0,1
"alternative mRNA splicing, via spliceosome",0,0,0,0,0,1
"negative regulation of supramolecular fiber organization",0,0,0,0,0,1
"epithelial tube formation",0,0,0,0,0,1
"regulation of Wnt signaling pathway",0,0,0,0,0,1
"cell-substrate junction assembly",0,0,0,0,0,1
"cellular component maintenance",0,0,0,0,0,1
"protein polyubiquitination",0,0,0,0,0,1
"Notch signaling pathway",0,0,0,0,0,1
"viral gene expression",0,0,0,0,0,1
"regulation of cell-matrix adhesion",0,0,0,0,0,1
"positive regulation of neurogenesis",0,0,0,0,0,1
"astral microtubule organization",0,0,0,0,0,1
"non-membrane-bounded organelle assembly",0,0,0,0,0,1
"mRNA export from nucleus",0,0,0,0,0,1
"spindle assembly",0,0,0,0,0,1
"actin filament depolymerization",0,0,0,0,0,1
"endocytic recycling",0,0,0,0,0,1
"primary neural tube formation",0,0,0,0,0,1
"cellular response to fibroblast growth factor stimulus",0,0,0,0,0,1
"negative regulation of phosphorus metabolic process",0,0,0,0,0,1
"microtubule organizing center organization",0,0,0,0,0,1
"cellular response to leukemia inhibitory factor",0,0,0,0,0,1
"contractile actin filament bundle assembly",0,0,0,0,0,1
"stress fiber assembly",0,0,0,0,0,1
"neural tube formation",0,0,0,0,0,1
"cardiac ventricle development",0,0,0,0,0,1
"telomere maintenance via telomere lengthening",0,0,0,0,0,1
"cytoplasmic microtubule organization",0,0,0,0,0,1
"transcription by RNA polymerase I",0,0,0,0,0,1
"negative regulation of gluconeogenesis",0,0,0,0,0,1
"regulation of RNA splicing",0,0,0,0,0,1
"tissue remodeling",0,0,0,0,0,1
"morphogenesis of embryonic epithelium",0,0,0,0,0,1
"actin filament-based movement",0,0,0,0,0,1
"cellular response to peptide",0,0,0,0,0,1
"regulation of myeloid leukocyte mediated immunity",0,0,0,0,0,1
"DNA alkylation",0,0,0,0,0,1
"DNA methylation",0,0,0,0,0,1
"negative regulation of actin filament depolymerization",0,0,0,0,0,1
"regulation of JNK cascade",0,0,0,0,0,1
"regulation of canonical Wnt signaling pathway",0,0,0,0,0,1
"lamellipodium organization",0,0,0,0,0,1
"negative regulation of phosphate metabolic process",0,0,0,0,0,1
"regulation of defense response to virus by host",0,0,0,0,0,1
"mammary gland epithelium development",0,0,0,0,0,1
"immunological memory process",0,0,0,0,0,1
"DNA recombination",0,0,0,0,0,1
"regulation of mitotic cell cycle phase transition",0,0,0,0,0,1
"regulation of viral transcription",0,0,0,0,0,1
"positive regulation of cell cycle process",0,0,0,0,0,1
"negative regulation of catabolic process",0,0,0,0,0,1
"regulation of neurogenesis",0,0,0,0,0,1
"positive regulation of protein-containing complex assembly",0,0,0,0,0,1
"response to leukemia inhibitory factor",0,0,0,0,0,1
"positive regulation of JNK cascade",0,0,0,0,0,1
"DNA conformation change",0,0,0,0,0,1
"muscle cell differentiation",0,0,0,0,0,1
"regulation of cell projection assembly",0,0,0,0,0,1
"positive regulation of mRNA catabolic process",0,0,0,0,0,1
"response to protozoan",0,0,0,0,0,1
"vesicle cytoskeletal trafficking",0,0,0,0,0,1
"trophectodermal cell differentiation",0,0,0,0,0,1
"negative regulation of inflammatory response",0,0,0,0,0,1
"plasma membrane organization",0,0,0,0,0,1
"regulatory ncRNA-mediated gene silencing",0,0,0,0,0,1
"cellular response to virus",0,0,0,0,0,1
"cytoskeleton-dependent intracellular transport",0,0,0,0,0,1
"mRNA transcription",0,0,0,0,0,1
"negative regulation of response to cytokine stimulus",0,0,0,0,0,1
"negative regulation of DNA biosynthetic process",0,0,0,0,0,1
"centrosome cycle",0,0,0,0,0,1
"regulation of heterochromatin formation",0,0,0,0,0,1
"regulation of heterochromatin organization",0,0,0,0,0,1
"centriole-centriole cohesion",0,0,0,0,0,1
"regulation of plasma membrane organization",0,0,0,0,0,1
"homotypic cell-cell adhesion",0,0,0,0,0,1
"establishment of endothelial barrier",0,0,0,0,0,1
"negative regulation of protein depolymerization",0,0,0,0,0,1
"multicellular organism growth",0,0,0,0,0,1
"regulation of mammary gland epithelial cell proliferation",0,0,0,0,0,1
"defense response to protozoan",0,0,0,0,0,1
"wound healing",0,0,0,0,0,1
"ncRNA transcription",0,0,0,0,0,1
"RNA-templated DNA biosynthetic process",0,0,0,0,0,1
"nucleotide-excision repair",0,0,0,0,0,1
"neural tube closure",0,0,0,0,0,1
"tube closure",0,0,0,0,0,1
"telomere maintenance",0,0,0,0,0,1
"ventricular septum development",0,0,0,0,0,1
"regulation of actin filament polymerization",0,0,0,0,0,1
"response to transforming growth factor beta",0,0,0,0,0,1
"nucleosome organization",0,0,0,0,0,1
"RNA destabilization",0,0,0,0,0,1
"regulation of cell cycle G1/S phase transition",0,0,0,0,0,1
"regulation of cell-substrate junction organization",0,0,0,0,0,1
"G1/S transition of mitotic cell cycle",0,0,0,0,0,1
"negative regulation of telomere maintenance via telomere lengthening",0,0,0,0,0,1
"regulation of actin filament depolymerization",0,0,0,0,0,1
"macroautophagy",0,0,0,0,0,1
"T cell selection",0,0,0,0,0,1
"embryonic epithelial tube formation",0,0,0,0,0,1
"establishment of vesicle localization",0,0,0,0,0,1
"positive regulation of cell cycle",0,0,0,0,0,1
"nucleus organization",0,0,0,0,0,1
"negative regulation of chromosome organization",0,0,0,0,0,1
"regulation of epithelial to mesenchymal transition",0,0,0,0,0,1
"response to retinoic acid",0,0,0,0,0,1
"nucleobase-containing compound transport",0,0,0,0,0,1
"cellular response to peptide hormone stimulus",0,0,0,0,0,1
"telomere maintenance via telomerase",0,0,0,0,0,1
"miRNA metabolic process",0,0,0,0,0,1
"negative regulation of protein kinase activity",0,0,0,0,0,1
"focal adhesion assembly",0,0,0,0,0,1
"positive regulation of lamellipodium organization",0,0,0,0,0,1
"regulation of focal adhesion assembly",0,0,0,0,0,1
"regulation of cell-substrate junction assembly",0,0,0,0,0,1
"regulatory T cell differentiation",0,0,0,0,0,1
"cell junction maintenance",0,0,0,0,0,1
"mesenchyme development",0,0,0,0,0,1
"regulation of regulatory T cell differentiation",0,0,0,0,0,1
"regulation of telomere maintenance via telomerase",0,0,0,0,0,1
"response to peptide",0,0,0,0,0,1
"mRNA destabilization",0,0,0,0,0,1
"response to antibiotic",0,0,0,0,0,1
"vesicle localization",0,0,0,0,0,1
"circadian regulation of gene expression",0,0,0,0,0,1
"negative regulation of telomere maintenance",0,0,0,0,0,1
"positive regulation of protein import into nucleus",0,0,0,0,0,1
"regulation of protein depolymerization",0,0,0,0,0,1
"hexose catabolic process",0,0,0,0,0,1
"regulation of substrate adhesion-dependent cell spreading",0,0,0,0,0,1
"protein localization to cell junction",0,0,0,0,0,1
"negative regulation of DNA metabolic process",0,0,0,0,0,1
"execution phase of apoptosis",0,0,0,0,0,1
"cardiac septum development",0,0,0,0,0,1
"response to interleukin-17",0,0,0,0,0,1
"cellular response to interleukin-17",0,0,0,0,0,1
"protein localization to plasma membrane",0,0,0,0,0,1
"regulation of macroautophagy",0,0,0,0,0,1
"retrograde transport, endosome to Golgi",0,0,0,0,0,1
"embryonic organ morphogenesis",0,0,0,0,0,1
"mammary gland duct morphogenesis",0,0,0,0,0,1
"sister chromatid cohesion",0,0,0,0,0,1
"positive regulation of transcription by RNA polymerase III",0,0,0,0,0,1
"regulation of B cell differentiation",0,0,0,0,0,1
"positive regulation of mRNA metabolic process",0,0,0,0,0,1
"positive regulation of tumor necrosis factor superfamily cytokine production",0,0,0,0,0,1
"regulation of telomere maintenance via telomere lengthening",0,0,0,0,0,1
"positive regulation of miRNA transcription",0,0,0,0,0,1
"positive regulation of canonical NF-kappaB signal transduction",0,0,0,0,0,1
"axon development",0,0,0,0,0,1
"antiviral innate immune response",0,0,0,0,0,1
"negative regulation of hippo signaling",0,0,0,0,0,1
"negative regulation of MAP kinase activity",0,0,0,0,0,1
"cell fate commitment",0,0,0,0,0,1
"mitotic sister chromatid cohesion",0,0,0,0,0,1
"branching involved in mammary gland duct morphogenesis",0,0,0,0,0,1
"protein localization to endosome",0,0,0,0,0,1
"mitotic DNA replication",0,0,0,0,0,1
"regulation of spindle organization",0,0,0,0,0,1
"regulation of miRNA metabolic process",0,0,0,0,0,1
"negative regulation of DNA-binding transcription factor activity",0,0,0,0,0,1
"response to type I interferon",0,0,0,0,0,1
"regulation of neuron differentiation",0,0,0,0,0,1
"negative regulation of peptidyl-tyrosine phosphorylation",0,0,0,0,0,1
"positive regulation of macroautophagy",0,0,0,0,0,1
"regulation of lipid storage",0,0,0,0,0,1
"negative regulation of protein phosphorylation",0,0,0,0,0,1
"regulation of hippo signaling",0,0,0,0,0,1
"positive regulation of bone resorption",0,0,0,0,0,1
"transforming growth factor beta receptor signaling pathway",0,0,0,0,0,1
"plasma membrane tubulation",0,0,0,0,0,1
"negative regulation of leukocyte mediated immunity",0,0,0,0,0,1
"vacuolar transport",0,0,0,0,0,1
"microvillus organization",0,0,0,0,0,1
"establishment of centrosome localization",0,0,0,0,0,1
"tube formation",0,0,0,0,0,1
"regulation of cellular response to insulin stimulus",0,0,0,0,0,1
"positive regulation of axonogenesis",0,0,0,0,0,1
"actin filament severing",0,0,0,0,0,1
"regulation of DNA biosynthetic process",0,0,0,0,0,1
"interleukin-4 production",0,0,0,0,0,1
"regulation of interleukin-4 production",0,0,0,0,0,1
"monosaccharide catabolic process",0,0,0,0,0,1
"negative regulation of protein serine/threonine kinase activity",0,0,0,0,0,1
"regulation of cellular response to heat",0,0,0,0,0,1
"protein-DNA complex disassembly",0,0,0,0,0,1
"negative regulation of response to biotic stimulus",0,0,0,0,0,1
"receptor metabolic process",0,0,0,0,0,1
"regulation of Notch signaling pathway",0,0,0,0,0,1
"cardiac chamber morphogenesis",0,0,0,0,0,1
"regulation of cellular response to growth factor stimulus",0,0,0,0,0,1
"CD4-positive, alpha-beta T cell lineage commitment",0,0,0,0,0,1
"positive regulation of miRNA metabolic process",0,0,0,0,0,1
"DNA-templated transcription elongation",0,0,0,0,0,1
"endothelial cell development",0,0,0,0,0,1
"hematopoietic progenitor cell differentiation",0,0,0,0,0,1
"cell cycle checkpoint signaling",0,0,0,0,0,1
"nuclear export",0,0,0,0,0,1
"mRNA transcription by RNA polymerase II",0,0,0,0,0,1
"regulation of mRNA splicing, via spliceosome",0,0,0,0,0,1
"centrosome localization",0,0,0,0,0,1
"microtubule organizing center localization",0,0,0,0,0,1
"erythrocyte differentiation",0,0,0,0,0,1
"nuclear-transcribed mRNA catabolic process",0,0,0,0,0,1
"positive regulation of defense response to virus by host",0,0,0,0,0,1
"establishment of mitotic spindle localization",0,0,0,0,0,1
"negative regulation of epithelial cell differentiation",0,0,0,0,0,1
"regulation of G1/S transition of mitotic cell cycle",0,0,0,0,0,1
"heme A biosynthetic process",0,0,0,0,0,1
"heme a metabolic process",0,0,0,0,0,1
"myoblast fusion",0,0,0,0,0,1
"regulation of transcription by RNA polymerase III",0,0,0,0,0,1
"regulation of leukocyte degranulation",0,0,0,0,0,1
"negative regulation of cell cycle phase transition",0,0,0,0,0,1
"mitotic cytokinesis",0,0,0,0,0,1
"somatic diversification of immune receptors",0,0,0,0,0,1
"negative regulation of stem cell differentiation",0,0,0,0,0,1
"stem cell differentiation",0,0,0,0,0,1
"response to hyperoxia",0,0,0,0,0,1
"regulation of plasma membrane bounded cell projection assembly",0,0,0,0,0,1
"regulation of mitotic spindle organization",0,0,0,0,0,1
"negative regulation of protein polymerization",0,0,0,0,0,1
"nucleosome disassembly",0,0,0,0,0,1
"regulation of nucleobase-containing compound transport",0,0,0,0,0,1
"glial cell apoptotic process",0,0,0,0,0,1
"adherens junction organization",0,0,0,0,0,1
"protein localization to microtubule organizing center",0,0,0,0,0,1
"cardiac muscle tissue development",0,0,0,0,0,1
"negative regulation of actin filament polymerization",0,0,0,0,0,1
"DNA duplex unwinding",0,0,0,0,0,1
"keratinocyte migration",0,0,0,0,0,1
"carbohydrate phosphorylation",0,0,0,0,0,1
"T cell chemotaxis",0,0,0,0,0,1
"definitive hemopoiesis",0,0,0,0,0,1
"miRNA transcription",0,0,0,0,0,1
"immunoglobulin production",0,0,0,0,0,1
"lysosomal transport",0,0,0,0,0,1
"cytoplasm organization",0,0,0,0,0,1
"negative regulation of cell-substrate adhesion",0,0,0,0,0,1
"cell-cell junction maintenance",0,0,0,0,0,1
"negative regulation of viral transcription",0,0,0,0,0,1
"regulation of epithelial cell differentiation",0,0,0,0,0,1
"mitotic spindle assembly",0,0,0,0,0,1
"embryonic skeletal system development",0,0,0,0,0,1
"striated muscle cell differentiation",0,0,0,0,0,1
"regulation of miRNA transcription",0,0,0,0,0,1
"positive regulation of binding",0,0,0,0,0,1
"positive regulation of cell-substrate adhesion",0,0,0,0,0,1
"cellular response to abiotic stimulus",0,0,0,0,0,1
"cellular response to environmental stimulus",0,0,0,0,0,1
"regulation of mitotic metaphase/anaphase transition",0,0,0,0,0,1
"regulation of response to wounding",0,0,0,0,0,1
"cellular response to nerve growth factor stimulus",0,0,0,0,0,1
"eating behavior",0,0,0,0,0,1
"regulation of cell projection size",0,0,0,0,0,1
"methylation",0,0,0,0,0,1
"necroptotic process",0,0,0,0,0,1
"blood vessel endothelial cell migration",0,0,0,0,0,1
"regulation of microtubule-based process",0,0,0,0,0,1
"transcription elongation by RNA polymerase II",0,0,0,0,0,1
"somatic diversification of immunoglobulins",0,0,0,0,0,1
"regulation of intracellular transport",0,0,0,0,0,1
"regulation of nucleocytoplasmic transport",0,0,0,0,0,1
"neuronal stem cell population maintenance",0,0,0,0,0,1
"apoptotic process involved in morphogenesis",0,0,0,0,0,1
"negative regulation of endothelial cell migration",0,0,0,0,0,1
"cellular response to insulin stimulus",0,0,0,0,0,1
"3'-UTR-mediated mRNA destabilization",0,0,0,0,0,1
"blastocyst formation",0,0,0,0,0,1
"regulation of chromosome segregation",0,0,0,0,0,1
"adaptive thermogenesis",0,0,0,0,0,1
"wound healing, spreading of cells",0,0,0,0,0,1
"epiboly involved in wound healing",0,0,0,0,0,1
"JNK cascade",0,0,0,0,0,1
"surfactant homeostasis",0,0,0,0,0,1
"epiboly",0,0,0,0,0,1
"establishment of endothelial intestinal barrier",0,0,0,0,0,1
"glucose catabolic process",0,0,0,0,0,1
"regulation of dephosphorylation",0,0,0,0,0,1
"mitotic cell cycle phase transition",0,0,0,0,0,1
"inflammatory response to wounding",0,0,0,0,0,1
"positive regulation of neuron differentiation",0,0,0,0,0,1
"cellular response to type I interferon",0,0,0,0,0,1
"erythrocyte homeostasis",0,0,0,0,0,1
"DNA methylation-dependent heterochromatin formation",0,0,0,0,0,1
"stem cell proliferation",0,0,0,0,0,1
"T cell proliferation",0,0,0,0,0,1
"regulation of DNA-templated DNA replication",0,0,0,0,0,1
"positive regulation of lipid storage",0,0,0,0,0,1
"lamellipodium morphogenesis",0,0,0,0,0,1
"positive regulation of epithelial cell migration",0,0,0,0,0,1
"ventricular cardiac muscle cell action potential",0,0,0,0,0,1
"establishment of epithelial cell polarity",0,0,0,0,0,1
"embryonic placenta development",0,0,0,0,0,1
"regulation of cell junction assembly",0,0,0,0,0,1
"interleukin-1-mediated signaling pathway",0,0,0,0,0,1
"cytosolic transport",0,0,0,0,0,1
"protein localization to cell periphery",0,0,0,0,0,1
"integrin activation",0,0,0,0,0,1
"negative regulation of stress fiber assembly",0,0,0,0,0,1
"regulatory ncRNA processing",0,0,0,0,0,1
"response to insulin",0,0,0,0,0,1
"regulation of protein localization to membrane",0,0,0,0,0,1
"negative regulation of calcium ion transmembrane transport",0,0,0,0,0,1
"regulation of DNA-templated transcription elongation",0,0,0,0,0,1
"camera-type eye development",0,0,0,0,0,1
"endothelial cell migration",0,0,0,0,0,1
"cytoskeleton-dependent cytokinesis",0,0,0,0,0,1
"positive regulation of alpha-beta T cell proliferation",0,0,0,0,0,1
"neuromuscular junction development",0,0,0,0,0,1
"granulocyte differentiation",0,0,0,0,0,1
"dosage compensation by inactivation of X chromosome",0,0,0,0,0,1
"response to peptide hormone",0,0,0,0,0,1
"metaphase/anaphase transition of mitotic cell cycle",0,0,0,0,0,1
"positive regulation of chromosome organization",0,0,0,0,0,1
"cellular response to transforming growth factor beta stimulus",0,0,0,0,0,1
"positive regulation of interleukin-4 production",0,0,0,0,0,1
"positive regulation of cell cycle phase transition",0,0,0,0,0,1
"keratinocyte differentiation",0,0,0,0,0,1
"spliceosomal complex assembly",0,0,0,0,0,1
"protein localization to centrosome",0,0,0,0,0,1
"heart morphogenesis",0,0,0,0,0,1
"protein localization to cytoskeleton",0,0,0,0,0,1
"peptidyl-threonine phosphorylation",0,0,0,0,0,1
"regulation of RNA export from nucleus",0,0,0,0,0,1
"endodermal cell differentiation",0,0,0,0,0,1
"negative regulation of cell junction assembly",0,0,0,0,0,1
"cytokinetic process",0,0,0,0,0,1
"alpha-beta T cell differentiation",0,0,0,0,0,1
"regulation of nephron tubule epithelial cell differentiation",0,0,0,0,0,1
"establishment of T cell polarity",0,0,0,0,0,1
"positive regulation of interleukin-13 production",0,0,0,0,0,1
"TORC1 signaling",0,0,0,0,0,1
"alpha-beta T cell activation",0,0,0,0,0,1
"positive regulation of glial cell differentiation",0,0,0,0,0,1
"receptor catabolic process",0,0,0,0,0,1
"negative regulation of epithelial cell migration",0,0,0,0,0,1
"vesicle-mediated transport between endosomal compartments",0,0,0,0,0,1
"sex-chromosome dosage compensation",0,0,0,0,0,1
"regulation of myoblast differentiation",0,0,0,0,0,1
"branching involved in blood vessel morphogenesis",0,0,0,0,0,1
"nucleotide-binding oligomerization domain containing 2 signaling pathway",0,0,0,0,0,1
"positive regulation of type 2 immune response",0,0,0,0,0,1
"embryonic camera-type eye development",0,0,0,0,0,1
"vesicle transport along microtubule",0,0,0,0,0,1
"regulation of centrosome cycle",0,0,0,0,0,1
"T cell differentiation involved in immune response",0,0,0,0,0,1
"peptidyl-threonine modification",0,0,0,0,0,1
"negative regulation of cilium assembly",0,0,0,0,0,1
"isoprenoid metabolic process",0,0,0,0,0,1
"response to dsRNA",0,0,0,0,0,1
"regulation of double-strand break repair",0,0,0,0,0,1
"regulation of sister chromatid segregation",0,0,0,0,0,1
"negative regulation of telomere maintenance via telomerase",0,0,0,0,0,1
"negative regulation of kinase activity",0,0,0,0,0,1
"cell growth",0,0,0,0,0,1
"DNA geometric change",0,0,0,0,0,1
"cell proliferation involved in kidney development",0,0,0,0,0,1
"cold-induced thermogenesis",0,0,0,0,0,1
"fibroblast activation",0,0,0,0,0,1
"response to increased oxygen levels",0,0,0,0,0,1
"regulation of DNA methylation-dependent heterochromatin formation",0,0,0,0,0,1
"positive regulation of transmembrane receptor protein serine/threonine kinase signaling pathway",0,0,0,0,0,1
"regulation of protein kinase activity",0,0,0,0,0,1
"positive regulation of myoblast differentiation",0,0,0,0,0,1
"platelet formation",0,0,0,0,0,1
"regulation of endothelial cell migration",0,0,0,0,0,1
"response to mitochondrial depolarisation",0,0,0,0,0,1
"digestive system process",0,0,0,0,0,1
"regulation of metaphase/anaphase transition of cell cycle",0,0,0,0,0,1
"microvillus assembly",0,0,0,0,0,1
"polyamine biosynthetic process",0,0,0,0,0,1
"positive regulation of protein processing",0,0,0,0,0,1
"positive regulation by host of viral transcription",0,0,0,0,0,1
"detection of calcium ion",0,0,0,0,0,1
"regulation of wound healing",0,0,0,0,0,1
"negative regulation of phosphorylation",0,0,0,0,0,1
"embryonic skeletal system morphogenesis",0,0,0,0,0,1
"regulation of cold-induced thermogenesis",0,0,0,0,0,1
"negative regulation of interleukin-17 production",0,0,0,0,0,1
"response to steroid hormone",0,0,0,0,0,1
"single stranded viral RNA replication via double stranded DNA intermediate",0,0,0,0,0,1
"regulation of sensory perception of pain",0,0,0,0,0,1
"regulation of sensory perception",0,0,0,0,0,1
"negative regulation of canonical Wnt signaling pathway",0,0,0,0,0,1
"positive regulation of Wnt signaling pathway",0,0,0,0,0,1
"negative regulation of protein localization to membrane",0,0,0,0,0,1
"CD4-positive, alpha-beta T cell differentiation",0,0,0,0,0,1
"negative regulation of autophagy",0,0,0,0,0,1
